title,type,address,assignee,annote,author,booktitle,chapter,day,dayfiled,edition,editor,howpublished,institution,journal,language,month,monthfiled,nationality,note,number,organization,pages,publisher,revision,school,series,rtitle, ,volume,year,yearfiled,url,custom1,custom2,custom3,custom4,custom5,isbn
Aronsson2002,6,,,,"Aronsson, Lars",Elpub,,,,,,,,,,,,,,,,,,,,,"Operation of a Large Scale, General Purpose Wiki Website.",,,2002,,http://elpub.architexturez.net/system/files/pdf/02-03.content_0.pdf,bibtex,,,,,
Aronsson2002a,6,,,,"Aronsson, Lars",Elpub,,,,,,,,,,,,,,,,,,,,,"Operation of a Large Scale, General Purpose Wiki Website.",,,2002,,http://elpub.architexturez.net/system/files/pdf/02-03.content_0.pdf,bibtex,,,,,
Atkinson2016,7,,,,"Atkinson, Paul",,,,,,,,,Qualitative Research,,,,,,2,,236--241,,,,,Digital ethnographies,,16,2016,,http://qrj.sagepub.com/content/16/2/236.short,bibtex,,,,,
Bagnoli2006,1,,,,"Bagnoli, Franco and Jipsen, Peter and Sterbini, Andrea",,,,,,,,,,,,,,,,,,{ITHET},,,,Tiddlywiki in science education,,,2006,,http://www.academia.edu/download/44779373/TiddlyWiki_in_Science_Education20160415-24634-dvo6mu.pdf,bibtex,,,,,
Bagnoli2006a,1,,,,"Bagnoli, Franco and Jipsen, Peter and Sterbini, Andrea",,,,,,,,,,,,,,,,,,{ITHET},,,,Tiddlywiki in science education,,,2006,,http://www.academia.edu/download/44779373/TiddlyWiki_in_Science_Education20160415-24634-dvo6mu.pdf,bibtex,,,,,
Bagnoli2006b,1,,,,"Bagnoli, Franco and Jipsen, Peter and Sterbini, Andrea",,,,,,,,,,,,,,,,,,{ITHET},,,,Tiddlywiki in science education,,,2006,,http://www.academia.edu/download/44779373/TiddlyWiki_in_Science_Education20160415-24634-dvo6mu.pdf,bibtex,,,,,
Bakoa,7,,,,"Bakó, Mária and Aszalós, László",,,,,,,,,,,,,,,,,,,,,,Learning environments in eBook format,,,,,http://www.icvl.eu/2011/disc/structura/icvl/documente/pdf/tech/ICVL_Technologies_paper08.pdf,bibtex,,,,,
Bakshi2016,7,,,,"Bakshi, Divya",,,,,,,,,Anglisticum Journal,,,,,,3,,,,,,,Hypertext and Feminisms: Voicing the Silence (d),,3,2016,,http://anglisticum.mk/index.php/Anglisticum/article/view/625,bibtex,,,,,
Barker2008,6,,,,"Barker, Philip","Proceedings of World Conference on E-Learning in Corporate, Government, Healthcare, and Higher Education",,,,,,,,,,,,,,,,581--589,,,,,Using wikis and weblogs to enhance human performance,,,2008,,https://www.editlib.org/index.cfm/files/paper_29665.pdf?fuseaction=Reader.DownloadFullText&paper_id=29665,bibtex,,,,,
Barker2008d,6,,,,"Barker, Philip","Proceedings of World Conference on E-Learning in Corporate, Government, Healthcare, and Higher Education",,,,,,,,,,,,,,,,581--589,,,,,Using wikis and weblogs to enhance human performance,,,2008,,https://www.editlib.org/index.cfm/files/paper_29665.pdf?fuseaction=Reader.DownloadFullText&paper_id=29665,bibtex,,,,,
Barker2008e,6,,,,"Barker, P. G.","Proceedings of the {ED}-{MEDIA} 2008 World Conference on Educational Multimedia, Hypermedia and Telecommunications",,,,,,,,,,,,,,,,3604--3613,,,,,Using Wikis for Knowledge Management,,,2008,,https://www.editlib.org/p/28886/proceeding_28886.pdf,bibtex,,,,,
Bernstein2016,1,,,,"Bernstein, Mark",,,,,,,,,,,,,,,,,,"Eastgate Systems, Inc",,,,Getting Started With Hypertext Narrative,,,2016,,,bibtex,,,,,
Blustein2016a,7,,,,"Blustein, James and Graff, Ann-Barbara",,,,,,,,,Social Media Archeology and Poetics,,,,,,,,119,,,,,6 alt. hypertext: An Early Social Medium,,,2016,,https://books.google.com/books?hl=en&lr=&id=dPjdDAAAQBAJ&oi=fnd&pg=PA119&dq=hypertext&ots=fEESfFDhtn&sig=ygSkDRTvC9QETpNnVxJM4Ay-L9s,bibtex,,,,,
Blustein2016,7,,,,"Blustein, Jamie and Herder, Eelco and Rubart, Jessica and Ashman, Helen",,,,,,,,,{ACM} {SIGWEB} Newsletter,,,,,,,,1,,,,,27 th ACM International Conference on Hypertext and Social Media,,,2016,,http://dl.acm.org/citation.cfm?id=2857660,bibtex,,,,,
Buffa2006,6,,,,"Buffa, Michel and Gandon, Fabien",Proceedings of the 2006 international symposium on Wikis,,,,,,,,,,,,,,,,69--78,{ACM},,,,SweetWiki: semantic web enabled technologies in Wiki,,,2006,,http://dl.acm.org/citation.cfm?id=1149469,bibtex,,,,,
Burrow2004,6,,,,"Burrow, Andrew Lincoln",Proceedings of the fifteenth {ACM} conference on Hypertext and hypermedia,,,,,,,,,,,,,,,,77--86,{ACM},,,,Negotiating access within Wiki: a system to construct and maintain a taxonomy of access rules,,,2004,,http://dl.acm.org/citation.cfm?id=1012831,bibtex,,,,,
Burrow2004a,6,,,,"Burrow, Andrew Lincoln",Proceedings of the fifteenth {ACM} conference on Hypertext and hypermedia,,,,,,,,,,,,,,,,77--86,{ACM},,,,Negotiating access within Wiki: a system to construct and maintain a taxonomy of access rules,,,2004,,http://dl.acm.org/citation.cfm?id=1012831,bibtex,,,,,
Burry2005,6,,,,"Burry, Jane and Burrow, Andrew and Amor, Robert and Burry, Mark",{CAAD} Futures 2005,,,,,,,,,,,,,,,,,Springer,,,,Shared design space. The contribution of augmented wiki hypertext to design collaboration.,,,2005,,https://researchbank.rmit.edu.au/view/rmit:1820,bibtex,,,,,
Burry2005a,6,,,,"Burry, Jane and Burrow, Andrew and Amor, Robert and Burry, Mark",{CAAD} Futures 2005,,,,,,,,,,,,,,,,,Springer,,,,Shared design space. The contribution of augmented wiki hypertext to design collaboration.,,,2005,,https://researchbank.rmit.edu.au/view/rmit:1820,bibtex,,,,,
Burry2005b,5,,,,"Burry, Jane and Burrow, Andrew and Amor, Robert and Burry, Mark",Computer Aided Architectural Design Futures 2005,,,,,,,,,,,,,,,,217--226,Springer,,,,Shared design space,,,2005,,http://link.springer.com/chapter/10.1007/1-4020-3698-1_20,bibtex,,,,,
Conradty2016,7,,,,"Conradty, Cathérine and Bogner, Franz X.",,,,,,,,,Education Sciences,,,,,,3,,29,,,,,Hypertext or Textbook: Effects on Motivation and Gain in Knowledge,,6,2016,,http://www.mdpi.com/2227-7102/6/3/29/htm,bibtex,,,,,
Cunningham2006,6,,,,"Cunningham, Ward",Int. Sym. Wikis,,,,,,,,,,,,,,,,13--14,,,,,Design Principles of Wiki: How can so little do so much?,,,2006,,https://pdfs.semanticscholar.org/2713/89a35bb3c98101d65dd70ba79c3b188615c5.pdf,bibtex,,,,,
Cunningham2006a,6,,,,"Cunningham, Ward",Int. Sym. Wikis,,,,,,,,,,,,,,,,13--14,,,,,Design Principles of Wiki: How can so little do so much?,,,2006,,https://pdfs.semanticscholar.org/2713/89a35bb3c98101d65dd70ba79c3b188615c5.pdf,bibtex,,,,,
Cunningham2002,7,,,,"Cunningham, Ward and {others}",,,,,,,,,{WikiWikiWeb}. http://www. wiki. org/wiki. cgi,,,,,,,,,,,,,What is wiki,,,2002,,,bibtex,,,,,
Dalgaard2001,6,"New York, {NY}, {USA}",,,"Dalgaard, Rune",Proceedings of the 12th {ACM} Conference on Hypertext and Hypermedia,,,,,,,,,,,,,,,,175--184,{ACM},,,{HYPERTEXT} '01,"Hypertext and the Scholarly Archive: Intertexts, Paratexts and Metatexts at Work",,,2001,,http://doi.acm.org/10.1145/504216.504262,bibtex,,,,,978-1-58113-420-9
Dang2008,6,,,,"Dang, Dinh-Trung and Tan, Yee Fan and Kan, Min-Yen",International Conference on Asian Digital Libraries,,,,,,,,,,,,,,,,313--316,Springer,,,,Towards a Webpage-based bibliographic manager,,,2008,,http://link.springer.com/chapter/10.1007/978-3-540-89533-6_33,bibtex,,,,,
Dang2008a,6,,,,"Dang, Dinh-Trung and Tan, Yee Fan and Kan, Min-Yen",International Conference on Asian Digital Libraries,,,,,,,,,,,,,,,,313--316,Springer,,,,Towards a Webpage-based bibliographic manager,,,2008,,http://link.springer.com/chapter/10.1007/978-3-540-89533-6_33,bibtex,,,,,
Dang2008b,6,,,,"Dang, Dinh-Trung and Tan, Yee Fan and Kan, Min-Yen",International Conference on Asian Digital Libraries,,,,,,,,,,,,,,,,313--316,Springer,,,,Towards a Webpage-based bibliographic manager,,,2008,,http://link.springer.com/chapter/10.1007/978-3-540-89533-6_33,bibtex,,,,,
DeCiccio2007,1,,,,"{DeCiccio}, Michael",,,,,,,,,,,,,,,,,,{ProQuest},,,,Developing a Flexible Information Repository: A Case Study Using TiddlyWiki for a Knowledge Management System,,,2007,,,bibtex,,,,,
DeCiccio2007a,1,,,,"{DeCiccio}, Michael",,,,,,,,,,,,,,,,,,{ProQuest},,,,Developing a Flexible Information Repository: A Case Study Using TiddlyWiki for a Knowledge Management System,,,2007,,,bibtex,,,,,
DeCiccio2007b,1,,,,"{DeCiccio}, Michael",,,,,,,,,,,,,,,,,,{ProQuest},,,,Developing a Flexible Information Repository: A Case Study Using TiddlyWiki for a Knowledge Management System,,,2007,,,bibtex,,,,,
Desilets2005,7,,,,"Désilets, Alain and Paquet, Sébastien",,,,,,,,,,,,,,,,,,,,,,Wiki as a tool for web-based collaborative story telling in primary school: A case study,,,2005,,http://nparc.cisti-icist.nrc-cnrc.gc.ca/npsi/ctrl?action=rtdoc&an=8913987,bibtex,,,,,
Dickinson2008,6,,,,"Dickinson, Anne",Proceedings of the 3rd International Conference on e-Learning: {ICEL},,,,,,,,,,,,,,,,133,Academic Conferences Limited,,,,Is the e-Learning Object “Create Interactive Accessible e-Learning” Accessible?,,,2008,,,bibtex,,,,,
Dickinson2008a,6,,,,"Dickinson, Anne",Proceedings of the 3rd International Conference on e-Learning: {ICEL},,,,,,,,,,,,,,,,133,Academic Conferences Limited,,,,Is the e-Learning Object “Create Interactive Accessible e-Learning” Accessible?,,,2008,,,bibtex,,,,,
Dickinson2008b,6,,,,"Dickinson, Anne",Proceedings of the 3rd International Conference on e-Learning: {ICEL},,,,,,,,,,,,,,,,133,Academic Conferences Limited,,,,Is the e-Learning Object “Create Interactive Accessible e-Learning” Accessible?,,,2008,,,bibtex,,,,,
Finnemann2016,7,,,,"Finnemann, Niels Ole",,,,,,,,,Journal of the Association for Information Science and Technology,,,,,,,,,,,,,Hypertext configurations: Genres in networked digital media,,,2016,,http://onlinelibrary.wiley.com/doi/10.1002/asi.23709/full,bibtex,,,,,
Fitzpatrick2016,10,,,,"Fitzpatrick, Philip J.",,,,,,,,,,,,,,,,,,,,,,Applied Hypertext Theory in a Demonstration of a Non-Sequential Audio Narrative,,,2016,,https://suny-dspace.longsight.com/handle/1951/66527,bibtex,,,,,
Flinn2010,7,,,,"Flinn, Andrew",,,,,,,,,Convergence: The International Journal of Research into New Media Technologies,,,,,,1,,39--51,,,,,"Independent Community Archives and Community-Generated Content ‘Writing, Saving and Sharing our Histories’",,16,2010,,http://con.sagepub.com/content/16/1/39.short,bibtex,,,,,
Frumkin2005,7,,,,"Frumkin, Jeremy",,,,,,,,,{OCLC} Systems \& Services: International digital library perspectives,,,,,,1,,18--22,,,,,The wiki and the digital library,,21,2005,,http://www.emeraldinsight.com/doi/full/10.1108/10650750510578109,bibtex,,,,,
Giles2007,7,,,,"Giles, Jim",,,,,,,,,Nature,,,,,,7129,,691--691,,,,,Key biology databases go wiki,,445,2007,,http://www.nature.com/nature/journal/v445/n7129/full/445691a.html,bibtex,,,,,
Gobbo2006,7,,,,"Gobbo, Federico and Lanzarone, Gaetano Aurelio",,,,,,,,,Current Developments in Technology-Assisted Education,,,,,,,,,,,,,A wiki-based active learning system; how to enhance learning material in epistemology of computer science and computer ethics,,,2006,,https://www.researchgate.net/profile/Federico_Gobbo/publication/216111828_A_wiki-based_active_learning_system_how_to_enhance_learning_material_in_epistemology_of_computer_science_and_computer_ethics/links/09e4150a67b1073482000000.pdf,bibtex,,,,,
Gobbo2006a,7,,,,"Gobbo, Federico and Lanzarone, Gaetano Aurelio",,,,,,,,,Current Developments in Technology-Assisted Education,,,,,,,,,,,,,A wiki-based active learning system; how to enhance learning material in epistemology of computer science and computer ethics,,,2006,,https://www.researchgate.net/profile/Federico_Gobbo/publication/216111828_A_wiki-based_active_learning_system_how_to_enhance_learning_material_in_epistemology_of_computer_science_and_computer_ethics/links/09e4150a67b1073482000000.pdf,bibtex,,,,,
Gobbo2006b,7,,,,"Gobbo, Federico and Lanzarone, Gaetano Aurelio",,,,,,,,,Current Developments in Technology-Assisted Education,,,,,,,,,,,,,A wiki-based active learning system; how to enhance learning material in epistemology of computer science and computer ethics,,,2006,,https://www.researchgate.net/profile/Federico_Gobbo/publication/216111828_A_wiki-based_active_learning_system_how_to_enhance_learning_material_in_epistemology_of_computer_science_and_computer_ethics/links/09e4150a67b1073482000000.pdf,bibtex,,,,,
Grannum2011,7,,,,"Grannum, Guy and Theimer, Kate",,,,,,,,,A Different Kind of Web: New Connections Between Archives and Our Users,,,,,,,,116--127,,,,,Harnessing User Knowledge: The National Archives Your Archives Wiki,,,2011,,,bibtex,,,,,
Haddad2002,7,,,,"Haddad, Wadi D. and Draxler, Alexandra",,,,,,,,,,,,,,,,,,,,,,"Technologies for Education: Potential, Parameters, and Prospects",,,2002,,http://ictlogy.net/bibliography/reports/projects.php?idp=515,bibtex,,,,,
Hargood2016,7,,,,"Hargood, Charlie and Hunt, Verity and Weal, Mark and Millard, David",,,,,,,,,,,,,,,,,,,,,,Patterns of sculptural hypertext in location based narratives,,,2016,,http://eprints.soton.ac.uk/390748/,bibtex,,,,,
Harris2004,7,,,,"Harris, Roger W.",,,,,,,,,,,,,,,,,,,,,,Information and communication technologies for poverty alleviation,,,2004,,http://ictlogy.net/bibliography/reports/projects.php?idp=1271,bibtex,,,,,
Janez2016,7,,,,"Jáñez, Álvaro and Rosales, Javier",,,,,,,,,Computers in Human Behavior,,,,,,,,121--130,,,,,Novices' need for exploration: Effects of goal specificity on hypertext navigation and comprehension,,60,2016,,http://www.sciencedirect.com/science/article/pii/S0747563216301169,bibtex,,,,,
Jipsen2006,7,,,,"Jipsen, Peter",,,,,,,,,Accessed via http://math. chapman. edu/∼ jipsen/asciencepad/asciencepad. html (7 January 2007),,,,,,,,,,,,,ASciencePad–a TiddlyWiki suitable for scientific notes,,,2006,,,bibtex,,,,,
Jipsen2006a,7,,,,"Jipsen, Peter",,,,,,,,,Accessed via http://math. chapman. edu/∼ jipsen/asciencepad/asciencepad. html (7 January 2007),,,,,,,,,,,,,ASciencePad–a TiddlyWiki suitable for scientific notes,,,2006,,,bibtex,,,,,
Jipsen2006b,7,,,,"Jipsen, Peter",,,,,,,,,Accessed via http://math. chapman. edu/∼ jipsen/asciencepad/asciencepad. html (7 January 2007),,,,,,,,,,,,,ASciencePad–a TiddlyWiki suitable for scientific notes,,,2006,,,bibtex,,,,,
Kennedy2009,7,,,,"Kennedy, Gregor and Dalgarno, Barney and Bennett, Sue and Gray, Kathleen and Waycott, Jenny and Judd, Terry and Bishop, Andrea and Maton, Karl and Krause, Kerri-Lee and Chang, Rosemary",,,,,,,,,,,,,,,,,,,,,,Educating the net generation. A handbook of findings for practice and policy,,,2009,,http://ictlogy.net/bibliography/reports/projects.php?idp=1450,bibtex,,,,,
Kopchok2008,7,,,,"Kopchok, Katie",,,,,,,,,"Journal of Interlibrary Loan, Document Delivery \& Electronic Reserve",,,,,,1,,67--77,,,,,Interlibrary loan the Wiki way: an effective and free interlibrary loan procedures and communications tool,,18,2008,,http://www.tandfonline.com/doi/abs/10.1300/J474v18n01_08,bibtex,,,,,
Kopchok2008a,7,,,,"Kopchok, Katie",,,,,,,,,"Journal of Interlibrary Loan, Document Delivery \& Electronic Reserve",,,,,,1,,67--77,,,,,Interlibrary loan the Wiki way: an effective and free interlibrary loan procedures and communications tool,,18,2008,,http://www.tandfonline.com/doi/abs/10.1300/J474v18n01_08,bibtex,,,,,
Kopchok2008b,7,,,,"Kopchok, Katie",,,,,,,,,"Journal of Interlibrary Loan, Document Delivery \& Electronic Reserve",,,,,,1,,67--77,,,,,Interlibrary loan the Wiki way: an effective and free interlibrary loan procedures and communications tool,,18,2008,,http://www.tandfonline.com/doi/abs/10.1300/J474v18n01_08,bibtex,,,,,
Lauw2008,10,,,,"Lauw, Madelaine L.",,,,,,,,"University of Leeds, School of Computer Studies",,,,,,,,,,,,"University of Leeds, School of Computer Studies",,TiddlyGraph: Graph Drawing Tool for TiddlyWiki,,,2008,,,bibtex,,,,,
Lauw2008a,10,,,,"Lauw, Madelaine L.",,,,,,,,"University of Leeds, School of Computer Studies",,,,,,,,,,,,"University of Leeds, School of Computer Studies",,TiddlyGraph: Graph Drawing Tool for TiddlyWiki,,,2008,,,bibtex,,,,,
Lauw2008b,10,,,,"Lauw, Madelaine L.",,,,,,,,"University of Leeds, School of Computer Studies",,,,,,,,,,,,"University of Leeds, School of Computer Studies",,TiddlyGraph: Graph Drawing Tool for TiddlyWiki,,,2008,,,bibtex,,,,,
Li2016,7,,,,"Li, Liang-Yi and Tseng, Shu-Ting and Chen, Gwo-Dong",,,,,,,,,Computers in Human Behavior,,,,,,,,318--325,,,,,"Effect of hypertext highlighting on browsing, reading, and navigational performance",,54,2016,,http://www.sciencedirect.com/science/article/pii/S074756321530090X,bibtex,,,,,
Maier2016,5,,,,"Maier, Carmen Daniela",International Encyclopedia of Mass Media and Society,,,,,,,,,,,,,,,,,: {SAGE} Publications,,,,Hypertext and Hypermedia,,,2016,,http://www.forskningsdatabasen.dk/en/catalog/2261443119,bibtex,,,,,
Marchese2009,6,,,,"Marchese, Francis T.","Proceedings of Vis 2009 (Atlantic City, {NJ}), Conference {DVD}",,,,,,,,,,,,,,,,,"{IEEE} Computer Society Washington, {DC}",,,,Asynchronous collaborative visualization on a stick,,,2009,,https://www.researchgate.net/profile/Francis_Marchese/publication/228366401_Asynchronous_Collaborative_Visualization_on_a_Stick/links/09e4150c32bfec2345000000.pdf,bibtex,,,,,
Marchese2009a,6,,,,"Marchese, Francis T.","Proceedings of Vis 2009 (Atlantic City, {NJ}), Conference {DVD}",,,,,,,,,,,,,,,,,"{IEEE} Computer Society Washington, {DC}",,,,Asynchronous collaborative visualization on a stick,,,2009,,https://www.researchgate.net/profile/Francis_Marchese/publication/228366401_Asynchronous_Collaborative_Visualization_on_a_Stick/links/09e4150c32bfec2345000000.pdf,bibtex,,,,,
Marchese2009b,6,,,,"Marchese, Francis T.","Proceedings of Vis 2009 (Atlantic City, {NJ}), Conference {DVD}",,,,,,,,,,,,,,,,,"{IEEE} Computer Society Washington, {DC}",,,,Asynchronous collaborative visualization on a stick,,,2009,,https://www.researchgate.net/profile/Francis_Marchese/publication/228366401_Asynchronous_Collaborative_Visualization_on_a_Stick/links/09e4150c32bfec2345000000.pdf,bibtex,,,,,
Millard2006,6,,,,"Millard, David E. and Ross, Martin",Proceedings of the seventeenth conference on Hypertext and hypermedia,,,,,,,,,,,,,,,,27--30,{ACM},,,,Web 2.0: hypertext by any other name?,,,2006,,http://dl.acm.org/citation.cfm?id=1149947,bibtex,,,,,
Millard2006a,6,,,,"Millard, David E. and Ross, Martin",Proceedings of the seventeenth conference on Hypertext and hypermedia,,,,,,,,,,,,,,,,27--30,{ACM},,,,Web 2.0: hypertext by any other name?,,,2006,,http://dl.acm.org/citation.cfm?id=1149947,bibtex,,,,,
Montaner2013,6,,,,"Montaner, David and Garcıa-Garcıa, Francisco","The R User Conference, {useR}! 2013 July 10-12 2013 University of Castilla-La Mancha, Albacete, Spain",,,,,,,,,,,,,,,,126,,,,,TiddlyWikiR: an R package for dynamic report writing.,,10,2013,,https://www.researchgate.net/profile/Selcuk_Korkmaz/publication/273333674_bbRVM_an_R_package_for_Ensemble_Classification_Approaches_of_Relevance_Vector_Machines/links/54fed6cf0cf2741b69f1787b.pdf#page=126,bibtex,,,,,
Montaner2013a,6,,,,"Montaner, David and Garcıa-Garcıa, Francisco","The R User Conference, {useR}! 2013 July 10-12 2013 University of Castilla-La Mancha, Albacete, Spain",,,,,,,,,,,,,,,,126,,,,,TiddlyWikiR: an R package for dynamic report writing.,,10,2013,,https://www.researchgate.net/profile/Selcuk_Korkmaz/publication/273333674_bbRVM_an_R_package_for_Ensemble_Classification_Approaches_of_Relevance_Vector_Machines/links/54fed6cf0cf2741b69f1787b.pdf#page=126,bibtex,,,,,
Montaner2013b,6,,,,"Montaner, David and Garcıa-Garcıa, Francisco","The R User Conference, {useR}! 2013 July 10-12 2013 University of Castilla-La Mancha, Albacete, Spain",,,,,,,,,,,,,,,,126,,,,,TiddlyWikiR: an R package for dynamic report writing.,,10,2013,,https://www.researchgate.net/profile/Selcuk_Korkmaz/publication/273333674_bbRVM_an_R_package_for_Ensemble_Classification_Approaches_of_Relevance_Vector_Machines/links/54fed6cf0cf2741b69f1787b.pdf#page=126,bibtex,,,,,
Morris2007,6,,,,"Morris, Joseph C.",Proceedings of the 2007 international symposium on Wikis,,,,,,,,,,,,,,,,69--74,{ACM},,,,DistriWiki:: a distributed peer-to-peer wiki network,,,2007,,http://dl.acm.org/citation.cfm?id=1296959,bibtex,,,,,
Morris2007a,6,,,,"Morris, Joseph C.",Proceedings of the 2007 international symposium on Wikis,,,,,,,,,,,,,,,,69--74,{ACM},,,,DistriWiki:: a distributed peer-to-peer wiki network,,,2007,,http://dl.acm.org/citation.cfm?id=1296959,bibtex,,,,,
Munteanu2006,6,,,,"Munteanu, Cosmin and Zhang, Yuecheng and Baecker, Ron and Penn, Gerald",Proc. Demo track of {ACM} Conf. on Computer Supported Cooperative Work–{CSCW},,,,,,,,,,,,,,,,83--84,Citeseer,,,,Wiki-like editing of imperfect computer-generated webcast transcripts,,,2006,,http://citeseerx.ist.psu.edu/viewdoc/download?doi=10.1.1.129.3559&rep=rep1&type=pdf,bibtex,,,,,
Nixon2006,7,,,,"Nixon, Lyndon {JB} and Simperl, Elena Paslaru Bontas",,,,,,,,,Proc. Semantics,,,,,,,,,,,,,Makna and MultiMakna: towards semantic and multimedia capability in wikis for the emerging web,,2006,2006,,http://www.academia.edu/download/1909725/4quz0v7pkwwyigy.pdf,bibtex,,,,,
Nixon2006a,7,,,,"Nixon, Lyndon {JB} and Simperl, Elena Paslaru Bontas",,,,,,,,,Proc. Semantics,,,,,,,,,,,,,Makna and MultiMakna: towards semantic and multimedia capability in wikis for the emerging web,,2006,2006,,http://www.academia.edu/download/1909725/4quz0v7pkwwyigy.pdf,bibtex,,,,,
Notari2006,6,,,,"Notari, Michele",Proceedings of the 2006 international symposium on Wikis,,,,,,,,,,,,,,,,131--132,{ACM},,,,How to use a Wiki in education:'Wiki based effective constructive learning',,,2006,,http://dl.acm.org/citation.cfm?id=1149479,bibtex,,,,,
Notari2006a,6,,,,"Notari, Michele",Proceedings of the 2006 international symposium on Wikis,,,,,,,,,,,,,,,,131--132,{ACM},,,,How to use a Wiki in education:'Wiki based effective constructive learning',,,2006,,http://dl.acm.org/citation.cfm?id=1149479,bibtex,,,,,
Palmer2009,7,,,,"Palmer, Joy",,,,,,,,,Ariadne,,,,,,60,,,,,,,"Archives 2.0: if we build it, will they come?",,,2009,,http://www.ariadne.ac.uk/issue60/palmer,bibtex,,,,,
Parker2007,7,,,,"Parker, Kevin R. and Chao, Joseph T.",,,,,,,,,Interdisciplinary journal of knowledge and learning objects,,,,,,1,,57--72,,,,,Wiki as a teaching tool,,3,2007,,http://wikieducator.org/images/5/58/Wikiasateachingtool.pdf,bibtex,,,,,
Rafiq2008,10,,,,"Rafiq, Omar",,,,,,,,"University of Leeds, School of Computer Studies",,,,,,,,,,,,"University of Leeds, School of Computer Studies",,Improving the Accessibility of TiddlyWiki,,,2008,,,bibtex,,,,,
Rafiq2008a,10,,,,"Rafiq, Omar",,,,,,,,"University of Leeds, School of Computer Studies",,,,,,,,,,,,"University of Leeds, School of Computer Studies",,Improving the Accessibility of TiddlyWiki,,,2008,,,bibtex,,,,,
Rafiq2008b,10,,,,"Rafiq, Omar",,,,,,,,"University of Leeds, School of Computer Studies",,,,,,,,,,,,"University of Leeds, School of Computer Studies",,Improving the Accessibility of TiddlyWiki,,,2008,,,bibtex,,,,,
Regli2010,7,,,,"Regli, William C. and Kopena, Joseph B. and Grauer, Michael and Simpson, Timothy W. and Stone, Robert B. and Lewis, Kemper and Bohm, Matt R. and Wilkie, David and Piecyk, Martin and Osecki, Jordan",,,,,,,,,{AI} Magazine,,,,,,1,,37--50,,,,,Semantics for digital engineering archives supporting engineering design education,,31,2010,,http://www.aaai.org/ojs/index.php/aimagazine/article/viewArticle/2282,bibtex,,,,,
Rowan2016,7,,,,"Rowan, Kyle Edward",,,,,,,,,,,,,,,,,,,,,,Not Quite a Sunset: a hypertext opera,,,2016,,http://escholarship.org/uc/item/9830g5pn.pdf,bibtex,,,,,
Ruston2004a,1,,,,"Ruston, Jeremy",,,,,,,,,,,,,,,,,,,,,,TiddlyWiki,,,2004,,,bibtex,,,,,
Rutherford2009,10,,,,"Rutherford, Jayne",,,,,,,,"University of Leeds, School of Computer Studies",,,,,,,,,,,,"University of Leeds, School of Computer Studies",,Graphical Input for TiddlyWiki,,,2009,,,bibtex,,,,,
Rutherford2009a,10,,,,"Rutherford, Jayne",,,,,,,,"University of Leeds, School of Computer Studies",,,,,,,,,,,,"University of Leeds, School of Computer Studies",,Graphical Input for TiddlyWiki,,,2009,,,bibtex,,,,,
Rutherford2009b,10,,,,"Rutherford, Jayne",,,,,,,,"University of Leeds, School of Computer Studies",,,,,,,,,,,,"University of Leeds, School of Computer Studies",,Graphical Input for TiddlyWiki,,,2009,,,bibtex,,,,,
Sauer2005,7,,,,"Sauer, Igor M. and Bialek, Dominik and Efimova, Ekaterina and Schwartlander, Ruth and Pless, Gesine and Neuhaus, Peter",,,,,,,,,Artificial organs,,,,,,1,,82--83,,,,,“Blogs” and “wikis” are valuable software tools for communication within research groups,,29,2005,,http://onlinelibrary.wiley.com/doi/10.1111/j.1525-1594.2004.29005.x/full,bibtex,,,,,
Sauer2005a,7,,,,"Sauer, Igor M. and Bialek, Dominik and Efimova, Ekaterina and Schwartlander, Ruth and Pless, Gesine and Neuhaus, Peter",,,,,,,,,Artificial organs,,,,,,1,,82--83,,,,,“Blogs” and “wikis” are valuable software tools for communication within research groups,,29,2005,,http://onlinelibrary.wiley.com/doi/10.1111/j.1525-1594.2004.29005.x/full,bibtex,,,,,
Schaffert2006,6,,,,"Schaffert, Sebastian",15th {IEEE} International Workshops on Enabling Technologies: Infrastructure for Collaborative Enterprises ({WETICE}'06),,,,,,,,,,,,,,,,388--396,{IEEE},,,,IkeWiki: A semantic wiki for collaborative knowledge management,,,2006,,http://ieeexplore.ieee.org/xpls/abs_all.jsp?arnumber=4092241,bibtex,,,,,
Schaffert2006a,6,,,,"Schaffert, Sebastian",15th {IEEE} International Workshops on Enabling Technologies: Infrastructure for Collaborative Enterprises ({WETICE}'06),,,,,,,,,,,,,,,,388--396,{IEEE},,,,IkeWiki: A semantic wiki for collaborative knowledge management,,,2006,,http://ieeexplore.ieee.org/xpls/abs_all.jsp?arnumber=4092241,bibtex,,,,,
Sciadas2005,7,,,,"Sciadas, George",,,,,,,,,,,,,,,,,,,,,,From the digital divide to digital opportunities,,,2005,,http://ictlogy.net/bibliography/reports/projects.php?idp=239,bibtex,,,,,
Shang2016,7,,,,"Shang, Hui-Fang",,,,,,,,,Educational Technology \& Society,,,,,,3,,321--334,,,,,"Online metacognitive strategies, hypermedia annotations, and motivation on hypertext comprehension",,19,2016,,http://www.jstor.org/stable/pdf/jeductechsoci.19.3.321.pdf,bibtex,,,,,
Shang2016a,7,,,,"Shang, Hui-Fang",,,,,,,,,Behaviour \& Information Technology,,,,,,7,,559--571,,,,,Exploring demographic and motivational factors associated with hypertext reading by English as a foreign language (EFL) students,,35,2016,,http://www.tandfonline.com/doi/abs/10.1080/0144929X.2015.1094827,bibtex,,,,,
Skiba2005,7,,,,"Skiba, Diane J.",,,,,,,,,Nursing education perspectives,,,,,,2,,120,,,,,Do your students wiki?,,26,2005,,http://search.proquest.com/openview/460686aff56fe55ba2bc3cd9a3fc27aa/1?pq-origsite=gscholar,bibtex,,,,,
Skiba2005a,7,,,,"Skiba, Diane J.",,,,,,,,,Nursing education perspectives,,,,,,2,,120,,,,,Do your students wiki?,,26,2005,,http://search.proquest.com/openview/460686aff56fe55ba2bc3cd9a3fc27aa/1?pq-origsite=gscholar,bibtex,,,,,
Solis2010,6,,,,"Solis, Carlos and Ali, Nour",2010 5th {IEEE} International Conference on Global Software Engineering,,,,,,,,,,,,,,,,237--246,{IEEE},,,,Distributed requirements elicitation using a spatial hypertext wiki,,,2010,,http://ieeexplore.ieee.org/xpls/abs_all.jsp?arnumber=5581514,bibtex,,,,,
Solis2010a,6,,,,"Solis, Carlos and Ali, Nour","Collaborative Technologies and Systems ({CTS}), 2010 International Symposium on",,,,,,,,,,,,,,,,225--234,{IEEE},,,,A spatial hypertext wiki for knowledge management,,,2010,,http://ieeexplore.ieee.org/xpls/abs_all.jsp?arnumber=5478505,bibtex,,,,,
Solis2010b,6,,,,"Solis, Carlos and Ali, Nour",2010 5th {IEEE} International Conference on Global Software Engineering,,,,,,,,,,,,,,,,237--246,{IEEE},,,,Distributed requirements elicitation using a spatial hypertext wiki,,,2010,,http://ieeexplore.ieee.org/xpls/abs_all.jsp?arnumber=5581514,bibtex,,,,,
Solis2010c,6,,,,"Solis, Carlos and Ali, Nour","Collaborative Technologies and Systems ({CTS}), 2010 International Symposium on",,,,,,,,,,,,,,,,225--234,{IEEE},,,,A spatial hypertext wiki for knowledge management,,,2010,,http://ieeexplore.ieee.org/xpls/abs_all.jsp?arnumber=5478505,bibtex,,,,,
Solis2011,6,,,,"Solis, Carlos and Ali, Nour",Proceedings of the 22nd {ACM} conference on Hypertext and hypermedia,,,,,,,,,,,,,,,,133--142,{ACM},,,,An experience using a spatial hypertext Wiki,,,2011,,http://dl.acm.org/citation.cfm?id=1995986,bibtex,,,,,
Solis2011a,7,,,,"Solis, Carlos and Ali, Nour",,,,,,,,,J. {UCS},,,,,,7,,1043--1059,,,,,A Semantic Wiki Based on Spatial Hypertext.,,17,2011,,http://jucs.org/jucs_17_7/a_semantic_wiki_based/jucs_17_07_1043_1059_solis.pdf,bibtex,,,,,
Solis2011b,6,,,,"Solis, Carlos and Ali, Nour",Proceedings of the 22nd {ACM} conference on Hypertext and hypermedia,,,,,,,,,,,,,,,,133--142,{ACM},,,,An experience using a spatial hypertext Wiki,,,2011,,http://dl.acm.org/citation.cfm?id=1995986,bibtex,,,,,
Solis2011c,7,,,,"Solis, Carlos and Ali, Nour",,,,,,,,,J. {UCS},,,,,,7,,1043--1059,,,,,A Semantic Wiki Based on Spatial Hypertext.,,17,2011,,http://jucs.org/jucs_17_7/a_semantic_wiki_based/jucs_17_07_1043_1059_solis.pdf,bibtex,,,,,
Solis2008,6,,,,"Solís, Carlos and Ali, Nour",Proceedings of the 4th International Symposium on Wikis,,,,,,,,,,,,,,,,10,{ACM},,,,ShyWiki-a spatial hypertext wiki,,,2008,,http://dl.acm.org/citation.cfm?id=1822272,bibtex,,,,,
Solis2008a,6,,,,"Solís, Carlos and Ali, Nour",Proceedings of the 4th International Symposium on Wikis,,,,,,,,,,,,,,,,10,{ACM},,,,ShyWiki-a spatial hypertext wiki,,,2008,,http://dl.acm.org/citation.cfm?id=1822272,bibtex,,,,,
Solis2009,6,,,,"Solís, Carlos and Ali, Nour and Babar, Muhammad Ali","Wikis for Software Engineering, 2009. {WIKIS}4SE'09. {ICSE} Workshop on",,,,,,,,,,,,,,,,36--46,{IEEE},,,,A spatial hypertext wiki for architectural knowledge management,,,2009,,http://ieeexplore.ieee.org/xpls/abs_all.jsp?arnumber=5069995,bibtex,,,,,
Stoyanova2015,6,"New York, {NY}, {USA}",,,"Stoyanova, Silvia and Johnston, Ben",Proceedings of the Third {AIUCD} Annual Conference on Humanities and Their Methods in the Digital Ecosystem,,,,,,,,,,,,,,,,9:1--9:8,{ACM},,,{AIUCD} '14,Remediating Giacomo Leopardi's Zibaldone: Hypertextual Semantic Networks in the Scholarly Archive,,,2015,,http://doi.acm.org/10.1145/2802612.2802634,bibtex,,,,,978-1-4503-3295-8
Suresh2016a,7,,,,"Suresh, Mayur",,,,,,,,,"Law, Memory, Violence: Uncovering the Counter-Archive",,,,,,,,97,,,,,The file as hypertext,,,2016,,https://books.google.com/books?hl=en&lr=&id=TmmaCwAAQBAJ&oi=fnd&pg=PA97&dq=hypertext&ots=nzLjpgq0h2&sig=jzOnpGgDes0pcu_Cx0P9zYU4Kxs,bibtex,,,,,
TREnTIn2009,7,,,,"{TREnTIn}, Guglielmo",,,,,,,,,Journal of computer assisted learning,,,,,,1,,43--55,,,,,Using a wiki to evaluate individual contribution to a collaborative learning project,,25,2009,,http://onlinelibrary.wiley.com/doi/10.1111/j.1365-2729.2008.00276.x/full,bibtex,,,,,
TREnTIn2009a,7,,,,"{TREnTIn}, Guglielmo",,,,,,,,,Journal of computer assisted learning,,,,,,1,,43--55,,,,,Using a wiki to evaluate individual contribution to a collaborative learning project,,25,2009,,http://onlinelibrary.wiley.com/doi/10.1111/j.1365-2729.2008.00276.x/full,bibtex,,,,,
TRUNG,7,,,,"{TRUNG}, {DANG} {DINH}",,,,,,,,,,,,,,,,,,,,,,TiddlyWiki client and server modification for scholarly digital libraries,,,,,http://wing.comp.nus.edu.sg/publications/theses/2008/dangDinhTrungDang_HYP.pdf,bibtex,,,,,
Unit2010,7,,,,"Unit, Economist Intelligence",,,,,,,,,,,,,,,,,,,,,,Democracy index 2010,,,2010,,http://ictlogy.net/bibliography/reports/projects.php?idp=1853,bibtex,,,,,
Varfolomeyev2012,7,,,,"Varfolomeyev, Aleksey and Ivanovs, Aleksandrs",,,,,,,,,Digital Humanities,,,,,,,,405--407,,,,,Wiki Technologies for Semantic Publication of Old Russian Charters,,,2012,,http://www.dh2012.uni-hamburg.de/conference/programme/abstracts/wiki-technologies-for-semantic-publication-of-old-russian-charters.1.html,bibtex,,,,,
Wagner2004,7,,,,"Wagner, Christian",,,,,,,,,The Communications of the Association for Information Systems,,,,,,1,,58,,,,,Wiki: A technology for conversational knowledge management and group collaboration,,13,2004,,http://aisel.aisnet.org/cgi/viewcontent.cgi?article=3238&context=cais,bibtex,,,,,
Web2000,1,,,,"Web, Wiki and {DE}, {WIKIPEDI} and {JPG}, {WIKI}",,,,,,,,,,,,,,,,,,,,,,Wiki Web,,,2000,,,bibtex,,,,,
Wiki1996,7,,,,"Wiki, {ASIS}{\textbackslash}\&T-{ESC}",,,,,,,,,,,,,,,,,,,,,,Information literacy,,,1996,,https://www.asis.org/Chapters/Student/esc/?tag=information-literacy,bibtex,,,,,
Wilson2007,1,,,,"Wilson, T. D.",,,,,,,,,,,,,,,3,,,"{UNIV} {SHEFFIELD} {DEPT} {INFORMATION} {STUDIES} {UNIV} {SHEFFIELD}, {WESTERN} {BANK}, {SHEFFIELD} S10 2TN, S {YORKS}, {ENGLAND}",,,,TiddlyWiki 2.1. 3.,,12,2007,,,bibtex,,,,,
Wilson2007a,7,,,,"Wilson, Tom D.",,,,,,,,,Information research,,,,,,3,,review--no,,,,,"Review of: TiddlyWiki 2.1. 3. Osmosoft. com, 2007",,12,2007,,http://www.diva-portal.org/smash/record.jsf?pid=diva2:870314,bibtex,,,,,
Wilson2007b,1,,,,"Wilson, T. D.",,,,,,,,,,,,,,,3,,,"{UNIV} {SHEFFIELD} {DEPT} {INFORMATION} {STUDIES} {UNIV} {SHEFFIELD}, {WESTERN} {BANK}, {SHEFFIELD} S10 2TN, S {YORKS}, {ENGLAND}",,,,TiddlyWiki 2.1. 3.,,12,2007,,,bibtex,,,,,
Wilson2007c,7,,,,"Wilson, Tom D.",,,,,,,,,Information research,,,,,,3,,review--no,,,,,"Review of: TiddlyWiki 2.1. 3. Osmosoft. com, 2007",,12,2007,,http://www.diva-portal.org/smash/record.jsf?pid=diva2:870314,bibtex,,,,,
Wilson2007d,1,,,,"Wilson, T. D.",,,,,,,,,,,,,,,3,,,"{UNIV} {SHEFFIELD} {DEPT} {INFORMATION} {STUDIES} {UNIV} {SHEFFIELD}, {WESTERN} {BANK}, {SHEFFIELD} S10 2TN, S {YORKS}, {ENGLAND}",,,,TiddlyWiki 2.1. 3.,,12,2007,,,bibtex,,,,,
Wilson2007e,7,,,,"Wilson, Tom D.",,,,,,,,,Information research,,,,,,3,,review--no,,,,,"Review of: TiddlyWiki 2.1. 3. Osmosoft. com, 2007",,12,2007,,http://www.diva-portal.org/smash/record.jsf?pid=diva2:870314,bibtex,,,,,
Yang2008,6,,,,"Yang, Chia-Han and Wu, Ming-Ying and Lin, Chien-Min and Yang, Don-Lin",2008 Eighth International Conference on Intelligent Systems Design and Applications,,,,,,,,,,,,,,,,346--349,{IEEE},,,,Implementation of Wiki-based knowledge management systems for small research groups,,2,2008,,http://ieeexplore.ieee.org/xpls/abs_all.jsp?arnumber=4696356,bibtex,,,,,
Yang2008a,6,,,,"Yang, Chia-Han and Wu, Ming-Ying and Lin, Chien-Min and Yang, Don-Lin",2008 Eighth International Conference on Intelligent Systems Design and Applications,,,,,,,,,,,,,,,,346--349,{IEEE},,,,Implementation of Wiki-based knowledge management systems for small research groups,,2,2008,,http://ieeexplore.ieee.org/xpls/abs_all.jsp?arnumber=4696356,bibtex,,,,,
Yang2008b,6,,,,"Yang, Chia-Han and Wu, Ming-Ying and Lin, Chien-Min and Yang, Don-Lin",2008 Eighth International Conference on Intelligent Systems Design and Applications,,,,,,,,,,,,,,,,346--349,{IEEE},,,,Implementation of Wiki-based knowledge management systems for small research groups,,2,2008,,http://ieeexplore.ieee.org/xpls/abs_all.jsp?arnumber=4696356,bibtex,,,,,
Zhang2006,6,,,,"Zhang, Yuejiao",Proceedings of the seventeenth conference on Hypertext and hypermedia,,,,,,,,,,,,,,,,23--26,{ACM},,,,Wiki means more: hyperreading in Wikipedia,,,2006,,http://dl.acm.org/citation.cfm?id=1149946,bibtex,,,,,
Zhang2006a,6,,,,"Zhang, Yuejiao",Proceedings of the seventeenth conference on Hypertext and hypermedia,,,,,,,,,,,,,,,,23--26,{ACM},,,,Wiki means more: hyperreading in Wikipedia,,,2006,,http://dl.acm.org/citation.cfm?id=1149946,bibtex,,,,,